관광지,유_무료,내국인_외국인,연도,1월,2월,3월,4월,5월,6월,7월,8월,9월,10월,11월,12월,데이터기준일자
국립두타산자연휴양림,유료,내국인,2010,"2,831","1,497",770,894,"2,600","2,763","6,024","8,578","3,128","3,383","1,595","1,920",2022-01-05
국립평창청소년수련원,유료,내국인,2010,"3,325","3,223","13,914","21,000","18,763","20,125","18,442","17,518","11,938","21,221","10,471","9,354",2022-01-05
대관령 양떼목장,유료,내국인,2010,"29,447","15,370","5,511","27,198","65,699","33,472","48,096","69,116","28,349","49,100","24,085","1,929",2022-01-05
무이예술관,유료,내국인,2010,428,449,338,786,"1,887",789,"2,512","5,095","2,435","1,123",603,376,2022-01-05
삼양대관령목장,유료,내국인,2010,"21,170","12,984","5,660","25,293","65,600","31,417","51,794","86,598","33,614","57,036","22,101","1,677",2022-01-05
선자령,유료,내국인,2010,-,"21,697","8,788","1,341","3,195","1,599","1,620","1,651","1,628",257,577,"2,725",2022-01-05
신세계대관령콘도,유료,내국인,2010,480,984,390,250,520,395,480,"1,148",170,678,348,972,2022-01-05
알펜시아리조트,유료,내국인,2010,"39,383","38,660","9,193","7,659","8,416","8,680","40,892","86,747","17,154","36,526","11,619","48,588",2022-01-05
용평 리조트 숙박시설,유료,내국인,2010,"485,941","324,807","161,382","97,880","144,485","124,404","127,863","176,397","124,200","143,243","170,450","429,989",2022-01-05
용평리조트 유스호스텔,유료,내국인,2010,"6,132","2,448",792,878,"1,902",330,473,0,0,0,"1,064","2,451",2022-01-05
이효석문학관,유료,내국인,2010,"1,943","1,619","1,363","4,010","23,063","3,403","8,307","16,029","12,939","7,058","3,295","1,674",2022-01-05
켄싱턴플로라호텔(이랜드레져비스평창),유료,내국인,2010,"7,553","4,949","3,298","6,803","7,844","6,980","13,485","18,521","7,451","14,547","7,694","10,969",2022-01-05
평창 동강민물고기생태관,유료,내국인,2010,579,439,343,627,"2,132",843,"2,333","4,650",880,978,844,486,2022-01-05
평창힐링청소년수련원,유료,내국인,2010,-,"3,800","9,400","11,696","11,970","9,800","7,300","3,933","4,200","3,900","2,332",0,2022-01-05
한국자생식물원,유료,내국인,2010,-,-,-,"1,345","9,908","5,593","8,114","10,454","3,232","2,922",0,0,2022-01-05
한국전통음식문화체험관,유료,내국인,2010,30,25,75,50,900,400,800,"1,140",450,700,0,0,2022-01-05
한화리조트,유료,내국인,2010,"49,340","32,636","16,704","44,893","24,410","40,262","53,860","58,870","15,045","13,036","21,360","46,805",2022-01-05
허브나라,유료,내국인,2010,"9,244","8,595","6,900","19,959","55,462","33,731","50,620","81,709","29,766","30,515","12,943","6,962",2022-01-05
호렙오대산청소년수련원,유료,내국인,2010,"2,480","1,923","2,685","6,822","7,162","6,100","4,807","3,200","1,800","3,036","2,658",514,2022-01-05
휘닉스파크 숙박시설,유료,내국인,2010,"408,339","230,977","48,428","32,894","60,633","60,478","136,915","185,198","71,299","63,976","114,348","276,470",2022-01-05
휘닉스파크 유스호스텔,유료,내국인,2010,"13,944","7,460","8,576","10,712","8,528","8,132","12,552","11,826","5,272","5,368","2,768","12,704",2022-01-05
대관령 양떼목장,유료,외국인,2010,449,186,80,415,790,407,585,839,344,590,300,23,2022-01-05
알펜시아리조트,유료,외국인,2010,"11,337","3,516","2,369","2,750","2,000","2,508","4,008","4,280",964,"4,976","3,090","15,033",2022-01-05
용평 리조트 숙박시설,유료,외국인,2010,"17,953","16,192","6,845","3,869","3,210","3,218","2,621","3,015","2,958","5,024","6,414","18,979",2022-01-05
용평리조트 유스호스텔,유료,외국인,2010,383,694,-,-,-,-,0,0,0,0,-,600,2022-01-05
켄싱턴플로라호텔(이랜드레져비스평창),유료,외국인,2010,424,272,176,382,441,395,774,"1,071",413,837,437,413,2022-01-05
한국자생식물원,유료,외국인,2010,-,-,-,5,56,21,42,82,72,77,0,0,2022-01-05
한국전통음식문화체험관,유료,외국인,2010,50,25,100,100,400,400,300,760,"1,050",300,0,0,2022-01-05
한화리조트,유료,외국인,2010,"1,524","1,514",868,324,460,686,414,328,558,"1,170","1,578","1,882",2022-01-05
허브나라,유료,외국인,2010,14,19,172,570,502,625,172,87,523,654,548,32,2022-01-05
휘닉스파크 숙박시설,유료,외국인,2010,"10,608","18,706","7,128","6,338","5,556","5,520","6,538","4,094","5,143","7,934","9,152","19,074",2022-01-05
휘닉스파크 유스호스텔,유료,외국인,2010,356,540,16,-,56,-,72,328,8,320,308,488,2022-01-05
국립두타산자연휴양림,유료,내국인,2011,"3,423","2,668","1,205","2,049","4,196","4,121","6,169","8,633","4,814","5,044","1,918","2,687",2022-01-05
국립평창청소년수련원,유료,내국인,2011,"12,070","12,306","14,398","15,368","15,080","19,855","17,675","15,350","12,410","15,315","11,735","13,995",2022-01-05
대관령 양떼목장,유료,내국인,2011,0,0,0,"20,128","64,460","45,250","47,180","93,660","36,850","70,642","25,730","18,556",2022-01-05
무이예술관,유료,내국인,2011,0,0,342,735,"2,638","2,052","3,233","6,270","2,227","2,725","1,450",597,2022-01-05
백룡동굴,유료,내국인,2011,323,429,277,616,"1,628","1,381","2,575","3,488",873,"1,421",461,205,2022-01-05
삼양대관령목장,유료,내국인,2011,0,0,0,0,"55,698","41,457","43,822","95,588","32,226","70,200","24,780","11,450",2022-01-05
선자령,유료,내국인,2011,76,719,"3,441",904,814,970,640,594,496,"1,256",789,"4,393",2022-01-05
신세계대관령콘도,유료,내국인,2011,100,0,0,84,112,216,680,925,0,432,124,560,2022-01-05
알펜시아리조트,유료,내국인,2011,"102,598","93,139","27,743","12,567","41,774","42,871","66,917","199,483","30,566","48,748","30,462","75,274",2022-01-05
용평 리조트 숙박시설,유료,내국인,2011,"488,188","400,648","182,720","92,458","149,143","139,355","134,907","181,806","54,390","162,474","132,532","370,823",2022-01-05
용평리조트 유스호스텔,유료,내국인,2011,"3,693","2,539",968,496,"5,856","1,223","1,324","2,020",0,2,140,0,2022-01-05
이효석문학관,유료,내국인,2011,"1,943","1,536","2,473","6,242","15,314","9,972","11,291","20,436","15,442","9,644","3,702","1,908",2022-01-05
켄싱턴플로라호텔(이랜드레져비스평창),유료,내국인,2011,"7,608","9,139","4,377","8,877","8,113","5,621","9,272","19,562","8,294","8,294","8,046","9,008",2022-01-05
평창 동강민물고기생태관,유료,내국인,2011,321,443,343,557,"1,469","1,448","1,181","2,686",781,886,703,408,2022-01-05
평창힐링청소년수련원,유료,내국인,2011,0,0,"7,881","9,063","10,016","8,744","4,600","1,902","1,900","4,396","2,492","1,961",2022-01-05
한국자생식물원,유료,내국인,2011,0,0,0,730,"8,846","6,375","6,204","10,049","3,493",0,0,0,2022-01-05
한국전통음식문화체험관,유료,내국인,2011,23,262,63,130,800,455,"1,433","3,871","1,250","1,154",322,604,2022-01-05
한화리조트,유료,내국인,2011,"45,915","37,765","27,365","50,555","32,955","30,170","39,315","60,160","14,565","20,835","14,750","36,495",2022-01-05
허브나라,유료,내국인,2011,"5,444","5,654","6,401","17,048","49,119","42,066","46,110","84,230","31,104","40,491","14,439","6,552",2022-01-05
호렙오대산청소년수련원,유료,내국인,2011,"3,100","1,467","1,419","4,944","5,487","5,921","5,216","2,463","1,569","3,075","1,692",374,2022-01-05
휘닉스파크 숙박시설,유료,내국인,2011,"365,322","236,520","54,361","42,545","84,816","90,365","139,963","180,572","64,339","70,405","95,089","460,318",2022-01-05
휘닉스파크 유스호스텔,유료,내국인,2011,"14,583","7,864","7,896","6,844","9,488","9,176","11,012","11,720","5,080","5,068","1,608","11,024",2022-01-05
대관령 양떼목장,유료,외국인,2011,0,0,0,244,780,550,570,"1,140",450,858,312,225,2022-01-05
알펜시아리조트,유료,외국인,2011,"13,398","11,797","3,503","3,000","2,522","2,897","5,263","6,087","3,018","5,169","5,221","15,606",2022-01-05
용평 리조트 숙박시설,유료,외국인,2011,"11,341","12,225","6,096","3,422","2,455","3,096","2,733","1,691","2,709","5,072","5,782","19,377",2022-01-05
용평리조트 유스호스텔,유료,외국인,2011,562,416,0,-,-,-,-,4,-,9,-,0,2022-01-05
켄싱턴플로라호텔(이랜드레져비스평창),유료,외국인,2011,289,267,176,503,461,309,529,"1,135",465,465,458,510,2022-01-05
한국자생식물원,유료,외국인,2011,0,0,0,22,124,48,31,43,41,0,0,0,2022-01-05
한국전통음식문화체험관,유료,외국인,2011,76,371,355,200,567,230,369,158,130,218,178,312,2022-01-05
한화리조트,유료,외국인,2011,924,"1,052",654,182,234,320,166,276,246,"1,174",734,"1,788",2022-01-05
허브나라,유료,외국인,2011,62,28,279,239,436,579,230,271,783,858,441,36,2022-01-05
휘닉스파크 숙박시설,유료,외국인,2011,"5,074","8,319","6,552","6,374","3,823","3,166","5,813","6,574","3,593","8,355","6,842","18,912",2022-01-05
휘닉스파크 유스호스텔,유료,외국인,2011,139,300,96,-,48,104,200,337,64,472,64,"1,028",2022-01-05
국립두타산자연휴양림,유료,내국인,2012,"1,046","1,043","2,234","1,762","2,649","3,831",-,"8,469","16,682","6,454","3,697",-,2022-01-05
국립평창청소년수련원,유료,내국인,2012,"7,235","19,702","21,656","15,491","19,545","15,836","19,431","14,625","16,682","15,315","11,735","13,995",2022-01-05
대관령 양떼목장,유료,내국인,2012,"31,172","20,946","15,557","35,848","76,433","51,556","56,820","85,008","44,969","69,564","31,527","21,675",2022-01-05
무이예술관,유료,내국인,2012,0,0,336,887,"2,487","1,672","3,232","6,400","4,292","2,566","1,482","1,242",2022-01-05
백룡동굴,유료,내국인,2012,289,377,346,863,"2,258","1,891","3,650","4,006",860,"2,579","1,529","1,227",2022-01-05
삼양대관령목장,유료,내국인,2012,"16,670","12,480","9,839","24,445","76,390","34,503","46,365","79,694","37,179","69,262","24,275","11,343",2022-01-05
선자령,유료,내국인,2012,"19,723","15,733","3,770",796,"1,048","1,004","20,008","16,213","14,203","5,984","2,028","6,321",2022-01-05
알펜시아리조트,유료,내국인,2012,"90,843","62,821","24,135","11,946","16,304","16,184","62,762","101,925","14,752","47,752","27,703","73,717",2022-01-05
용평 리조트 숙박시설,유료,내국인,2012,"438,045","328,412","187,891","94,204","132,021","128,831","118,573",143,0,"148,339","203,396","363,638",2022-01-05
용평리조트 유스호스텔,유료,내국인,2012,"8,415","7,259","6,005",371,"3,361",346,453,143,0,0,0,36,2022-01-05
이효석문학관,유료,내국인,2012,"1,663","1,862","2,459","2,941","11,047","4,313","7,627","16,917","18,358","9,606","5,842","3,541",2022-01-05
켄싱턴플로라호텔(이랜드레져비스평창),유료,내국인,2012,"8,500","9,140","4,440","3,674","6,162","4,305","10,972","13,960","4,312","4,664","4,633","7,024",2022-01-05
평창 동강민물고기생태관,유료,내국인,2012,355,385,358,"1,801","1,987","1,246","1,152","3,520",760,"1,022","1,346","1,226",2022-01-05
평창힐링청소년수련원,유료,내국인,2012,182,"2,939","5,836","7,488","11,771","7,729","7,500","5,509","4,160","5,404","3,298","2,703",2022-01-05
한국자생식물원,유료,내국인,2012,0,0,0,"6,812","6,812","4,645","4,922","7,585","3,421","7,500",0,0,2022-01-05
한국전통음식문화체험관,유료,내국인,2012,251,302,352,"1,101",927,"1,027","1,230","2,759","1,041","2,089",989,"1,651",2022-01-05
한화리조트,유료,내국인,2012,"44,635","36,925","11,700","24,760","27,580","23,130","44,635","52,655","18,315","22,835","17,860","47,398",2022-01-05
허브나라,유료,내국인,2012,"6,135","6,728","7,500","23,457","50,008","28,783","39,962","53,886","30,506","34,588","13,369","7,024",2022-01-05
호렙오대산청소년수련원,유료,내국인,2012,"1,924",720,"1,010","1,775","5,756","3,314","5,064","6,039","2,548","6,823","1,028",380,2022-01-05
휘닉스파크 숙박시설,유료,내국인,2012,"374,765","242,737","61,061","37,489","74,093","78,881","123,686","179,880","68,122","79,279","101,081","409,802",2022-01-05
휘닉스파크 유스호스텔,유료,내국인,2012,"12,040","6,404","4,209","4,644","11,247","6,724","9,972","9,592","2,942","5,748","1,992","11,744",2022-01-05
대관령 양떼목장,유료,외국인,2012,379,254,189,435,965,505,"1,051","1,823",965,"1,461",662,455,2022-01-05
삼양대관령목장,유료,외국인,2012,0,0,0,200,350,250,-,-,-,-,-,-,2022-01-05
알펜시아리조트,유료,외국인,2012,"12,252","6,476","2,581","4,333","2,885","3,051","4,337","3,685","2,729","6,064","5,345","17,404",2022-01-05
용평 리조트 숙박시설,유료,외국인,2012,"14,950","9,246","6,480","4,951","3,611","3,888","2,522",4,0,"5,331","6,132","17,859",2022-01-05
용평리조트 유스호스텔,유료,외국인,2012,538,389,34,-,-,-,2,4,-,0,-,-,2022-01-05
켄싱턴플로라호텔(이랜드레져비스평창),유료,외국인,2012,"1,330",586,"1,065","3,843","2,082",952,724,"1,236","1,152","3,354","2,430","4,462",2022-01-05
한국자생식물원,유료,외국인,2012,0,0,0,39,39,25,24,11,31,-,0,-,2022-01-05
한국전통음식문화체험관,유료,외국인,2012,114,247,300,619,275,261,350,253,448,193,252,119,2022-01-05
한화리조트,유료,외국인,2012,"1,519","1,838",906,538,440,572,"1,519",384,164,"1,174",734,"1,788",2022-01-05
허브나라,유료,외국인,2012,22,28,87,456,-,285,411,198,682,207,379,"4,462",2022-01-05
휘닉스파크 숙박시설,유료,외국인,2012,"10,142","9,993","6,683","7,510","3,832","3,432","3,008","5,346","3,592","6,614","7,327","17,569",2022-01-05
휘닉스파크 유스호스텔,유료,외국인,2012,"1,292",404,176,-,136,-,64,496,104,80,0,884,2022-01-05
국립두타산자연휴양림,유료,내국인,2013,"5,812","3,872","2,896","5,812","3,872","2,896","5,063","9,003","5,632","6,524","3,752","3,621",2022-01-05
국립평창청소년수련원,유료,내국인,2013,"11,534","18,019","17,649","16,392","18,064","12,786","20,361","13,210","16,770","15,130","12,003","13,198",2022-01-05
대관령 양떼목장,유료,내국인,2013,"34,465","27,630","38,132","36,876","80,211","42,031","57,630","85,631","47,002","70,023","33,622","22,681",2022-01-05
무이예술관,유료,내국인,2013,0,0,332,802,"2,671","2,103","2,042","5,863","6,063","2,655","1,488","1,172",2022-01-05
삼양대관령목장,유료,내국인,2013,"13,577","13,278","15,903","25,521","85,200","42,106","35,762","80,963","35,120","70,114","23,592","11,524",2022-01-05
알펜시아리조트(골프장),유료,내국인,2013,0,0,0,"3,724","8,641","10,984","11,743","19,053","9,516","10,974","4,484",0,2022-01-05
알펜시아리조트(스키장),유료,내국인,2013,"38,953","26,441","4,500",636,"8,422","8,014","9,882","20,055","7,526","6,714","3,289","38,557",2022-01-05
알펜시아리조트(오션700),유료,내국인,2013,"25,865","19,019","9,925","6,643","16,751","21,542","31,514","49,686","13,137","14,197","6,391","21,656",2022-01-05
오대산국립공원(월정사),유료,내국인,2013,"78,396","68,186","54,944","67,051","127,780","160,788","125,360","120,387","84,052","258,032","71,226","43,021",2022-01-05
용평리조트(골프장),유료,내국인,2013,"25,620","16,345","5,211","7,575","18,757","20,468","30,289","39,680","7,993","8,925","6,064","18,090",2022-01-05
용평리조트(발왕산전망대 곤돌라),유료,내국인,2013,0,0,529,"4,972","14,853","16,380","16,437","23,309","13,453","16,215","4,114",0,2022-01-05
용평리조트(스키장),유료,내국인,2013,"123,650","75,404","30,375",2,0,0,0,0,0,0,"16,819","86,624",2022-01-05
용평리조트(유스호스텔),유료,내국인,2013,"9,739","8,005","6,870","1,647",50,546,453,143,102,268,215,187,2022-01-05
용평리조트(피크아일랜드),유료,내국인,2013,"21,694","17,917","10,877","9,652","21,944","20,297","20,672","34,162","14,810","33,187","19,300","23,681",2022-01-05
이효석문학관,유료,내국인,2013,"3,047","1,574","2,443","3,006","10,210","5,021","10,040","25,126","20,361","17,572","5,710","2,096",2022-01-05
켄싱턴플로라호텔(글램핑),유료,내국인,2013,0,0,0,0,0,0,0,512,583,587,387,267,2022-01-05
켄싱턴플로라호텔(컨벤션홀),유료,내국인,2013,"7,171","6,791","6,854","3,279","4,283","1,649","7,349","4,453","3,131","8,031","8,977","4,721",2022-01-05
평창 동강민물고기생태관,유료,내국인,2013,144,353,415,569,"1,486","1,405","2,500","4,565","1,036","1,029","1,396","1,321",2022-01-05
평창힐링청소년수련원,유료,내국인,2013,450,"1,200","2,470","1,647","6,503","2,470","6,320","4,560","3,200","5,502","3,285","2,712",2022-01-05
한국전통음식문화체험관,유료,내국인,2013,954,879,495,954,879,495,"1,004","2,562","1,530","2,234","1,050","1,678",2022-01-05
한화리조트(컨벤션홀),유료,내국인,2013,"1,734","10,265","7,705","1,284",352,"10,880","2,313","1,311","1,648","4,010","4,118","2,052",2022-01-05
허브나라,유료,내국인,2013,"8,898","6,513","2,748","21,001","45,876","36,021","42,630","60,278","50,362","35,897","14,002","6,998",2022-01-05
호렙오대산청소년수련원,유료,내국인,2013,"11,549","3,516","1,870","1,802","6,021","4,023","4,022","6,230","1,009","6,845","1,040",332,2022-01-05
휘닉스파크(골프장),유료,내국인,2013,0,0,519,"3,831","9,288","9,998","7,602","12,590","6,982","10,697","4,257",0,2022-01-05
휘닉스파크(스키장),유료,내국인,2013,"217,121","123,019","20,099",0,0,0,0,0,0,0,"40,219","173,400",2022-01-05
휘닉스파크(워터파크),유료,내국인,2013,"42,429","23,577","13,781","12,139","24,071","31,196","58,915","70,545","18,815","14,920","12,073","28,824",2022-01-05
국립평창청소년수련원,유료,외국인,2013,-,-,-,-,-,120,-,-,-,0,0,0,2022-01-05
대관령 양떼목장,유료,외국인,2013,-,-,-,445,"1,021",203,-,-,-,"1,521",674,465,2022-01-05
알펜시아리조트(골프장),유료,외국인,2013,0,0,0,0,0,0,0,0,0,0,0,0,2022-01-05
알펜시아리조트(스키장),유료,외국인,2013,0,0,0,0,0,0,0,0,0,0,0,0,2022-01-05
알펜시아리조트(오션700),유료,외국인,2013,0,0,0,0,0,0,0,0,0,0,0,0,2022-01-05
오대산국립공원(월정사),유료,외국인,2013,0,0,0,0,0,0,0,0,0,0,0,0,2022-01-05
용평리조트(골프장),유료,외국인,2013,0,0,0,0,0,0,0,0,0,0,0,0,2022-01-05
용평리조트(발왕산전망대 곤돌라),유료,외국인,2013,0,0,0,0,0,0,0,0,0,0,0,0,2022-01-05
용평리조트(스키장),유료,외국인,2013,0,0,0,0,0,0,0,0,0,0,0,0,2022-01-05
용평리조트(유스호스텔),유료,외국인,2013,0,14,7,0,0,0,7,10,2,0,0,0,2022-01-05
용평리조트(피크아일랜드),유료,외국인,2013,0,0,0,0,0,0,0,0,0,0,0,0,2022-01-05
켄싱턴플로라호텔(글램핑),유료,외국인,2013,0,0,0,0,0,0,0,0,0,0,0,0,2022-01-05
켄싱턴플로라호텔(컨벤션홀),유료,외국인,2013,0,0,0,0,0,0,0,0,0,0,0,0,2022-01-05
한국전통음식문화체험관,유료,외국인,2013,359,208,-,359,208,-,230,105,250,203,258,132,2022-01-05
한화리조트(컨벤션홀),유료,외국인,2013,0,0,0,0,0,0,0,0,0,0,0,0,2022-01-05
허브나라,유료,외국인,2013,"1,482","1,724","1,470",-,-,-,-,-,-,218,387,"4,474",2022-01-05
휘닉스파크(골프장),유료,외국인,2013,0,0,0,0,0,0,0,0,0,0,0,0,2022-01-05
휘닉스파크(스키장),유료,외국인,2013,0,0,0,0,0,0,0,0,0,0,0,0,2022-01-05
휘닉스파크(워터파크),유료,외국인,2013,0,0,0,0,0,0,0,0,0,0,0,0,2022-01-05
국립두타산자연휴양림,유료,내국인,2014,"4,410","2,395","1,679","1,747","4,022","4,742","5,865","6,739","3,600","4,530","2,148","2,365",2022-01-05
국립평창청소년수련원,유료,내국인,2014,"9,700","14,753","12,031","11,407",892,"2,160","11,480","19,390","7,124","8,237","8,237","8,237",2022-01-05
대관령 양떼목장,유료,내국인,2014,"33,356","14,587","20,860","27,681","65,112","46,795","58,672","5,867","48,379","34,550","21,500","15,600",2022-01-05
로하스파크(와카푸카),유료,내국인,2014,"2,408","1,568","2,083","2,000","4,759","2,934","3,552","10,659","2,141","3,514","1,971","1,268",2022-01-05
무이예술관,유료,내국인,2014,245,0,290,562,"2,476","1,496","2,269","4,719","2,233","8,523","8,328","1,200",2022-01-05
백룡동굴,유료,내국인,2014,343,223,227,643,"1,102","1,606","2,475","3,559","1,020","1,716",901,229,2022-01-05
삼양대관령목장,유료,내국인,2014,"18,641","10,268","14,411","21,801","62,564","40,049","46,365","79,694","37,179","75,171","27,389","10,060",2022-01-05
알펜시아리조트(골프장),유료,내국인,2014,0,0,0,"4,158","8,898","10,689","12,839","14,642","8,719","9,857","5,522",0,2022-01-05
알펜시아리조트(스키장),유료,내국인,2014,"42,323","24,760","4,369","1,798",0,0,0,0,0,0,"1,930","28,844",2022-01-05
알펜시아리조트(오션700),유료,내국인,2014,"27,349","17,282","8,936","8,429","12,714","15,816","25,173","50,640","10,044","7,900","4,516","17,635",2022-01-05
오대산국립공원(월정사),유료,내국인,2014,"86,216","59,778","51,925","72,305","130,987","118,511","76,864","114,617","65,840","210,002","120,650","45,020",2022-01-05
용평리조트(골프장),유료,내국인,2014,"24,901","14,026","3,554","5,331","11,143","11,913","14,300","13,896","9,067","14,862","4,978","14,862",2022-01-05
용평리조트(발왕산전망대 곤돌라),유료,내국인,2014,0,0,984,"10,751","20,254","17,576","24,722","34,893","15,786","34,588","16,695","18,172",2022-01-05
용평리조트(스키장),유료,내국인,2014,"116,239","70,263","30,085",549,0,0,0,0,0,0,"21,603","137,939",2022-01-05
용평리조트(유스호스텔),유료,내국인,2014,"11,373","9,162","3,791",0,208,0,30,93,175,762,"2,036","2,036",2022-01-05
용평리조트(피크아일랜드),유료,내국인,2014,"23,141","18,154","10,747","4,365","10,679","17,050","27,210","36,539","7,649","10,199","2,797","13,354",2022-01-05
이효석문학관,유료,내국인,2014,"3,035","2,335","2,776","3,893","10,103","8,080","11,267","28,628","24,081","17,570","6,800","2,500",2022-01-05
켄싱턴플로라호텔(글램핑),유료,내국인,2014,344,238,241,400,714,"1,140",424,565,291,"4,361","4,361","1,530",2022-01-05
켄싱턴플로라호텔(컨벤션홀),유료,내국인,2014,"5,529","6,352","7,902","7,108","4,630","7,731","3,016","4,756","3,516","4,797","2,456","2,560",2022-01-05
평창 동강민물고기생태관,유료,내국인,2014,319,164,306,491,"1,102","1,606","1,158","2,609",528,758,410,84,2022-01-05
평창힐링청소년수련원,유료,내국인,2014,510,"3,426","4,767","5,735",0,0,"2,100","3,035","1,807","14,262","13,520","12,400",2022-01-05
한국전통음식문화체험관,유료,내국인,2014,"1,027",705,919,840,"1,769","1,472","1,200","4,664",959,"2,221","1,230",178,2022-01-05
한화리조트(컨벤션홀),유료,내국인,2014,742,"7,199","3,080","1,143",796,"10,655","2,738","3,320","2,975",708,537,406,2022-01-05
허브나라,유료,내국인,2014,"5,284","4,077","7,351","14,841","42,006","31,823","32,539","60,414","28,219","35,890","13,210","15,120",2022-01-05
호렙오대산청소년수련원,유료,내국인,2014,757,552,"2,695","8,737",0,106,"1,669","1,889",424,"6,532","6,532",450,2022-01-05
휘닉스파크(골프장),유료,내국인,2014,0,0,"1,265","5,061","9,556","9,675","9,504","12,207","7,533","10,120","4,199",0,2022-01-05
휘닉스파크(스키장),유료,내국인,2014,"210,020","100,752","14,818",0,0,0,0,0,0,0,"37,428","143,904",2022-01-05
휘닉스파크(워터파크),유료,내국인,2014,"41,026","19,027","10,208","4,806","18,117","26,083","45,011","59,115","12,796","13,852","10,972","23,884",2022-01-05
국립두타산자연휴양림,유료,외국인,2014,0,0,0,0,0,0,0,0,0,0,0,0,2022-01-05
국립평창청소년수련원,유료,외국인,2014,0,0,0,10,0,92,0,0,0,0,0,0,2022-01-05
대관령 양떼목장,유료,외국인,2014,"2,606","1,288","1,207",565,"2,014",814,"1,014","1,014",916,151,55,37,2022-01-05
로하스파크(와카푸카),유료,외국인,2014,0,0,0,0,0,0,0,0,0,0,0,0,2022-01-05
무이예술관,유료,외국인,2014,0,0,0,0,0,0,0,0,0,0,0,0,2022-01-05
백룡동굴,유료,외국인,2014,0,0,0,0,0,0,0,0,0,0,0,0,2022-01-05
삼양대관령목장,유료,외국인,2014,0,0,0,0,0,0,0,0,0,0,0,0,2022-01-05
알펜시아리조트(골프장),유료,외국인,2014,0,0,0,0,0,0,0,0,0,0,0,0,2022-01-05
알펜시아리조트(스키장),유료,외국인,2014,0,0,0,0,0,0,0,0,0,0,387,"7,007",2022-01-05
알펜시아리조트(오션700),유료,외국인,2014,0,0,0,"1,757",733,"1,182","2,077","2,377",523,390,395,"3,288",2022-01-05
오대산국립공원(월정사),유료,외국인,2014,0,0,0,0,0,0,"5,785","9,967","5,338",0,0,0,2022-01-05
용평리조트(골프장),유료,외국인,2014,0,0,0,0,0,0,0,0,0,0,0,0,2022-01-05
용평리조트(발왕산전망대 곤돌라),유료,외국인,2014,0,0,0,0,0,0,0,0,0,0,0,0,2022-01-05
용평리조트(스키장),유료,외국인,2014,0,0,0,0,0,0,0,0,0,0,0,0,2022-01-05
용평리조트(유스호스텔),유료,외국인,2014,28,41,0,0,0,0,0,1,0,0,0,0,2022-01-05
용평리조트(피크아일랜드),유료,외국인,2014,0,0,0,0,0,0,0,0,0,0,0,0,2022-01-05
이효석문학관,유료,외국인,2014,0,0,0,52,86,125,0,0,0,30,2,5,2022-01-05
켄싱턴플로라호텔(글램핑),유료,외국인,2014,3,2,4,4,7,11,0,0,0,0,"1,869",560,2022-01-05
켄싱턴플로라호텔(컨벤션홀),유료,외국인,2014,0,0,0,374,243,406,0,0,0,"2,056","1,053",983,2022-01-05
평창 동강민물고기생태관,유료,외국인,2014,0,0,0,0,0,0,0,0,0,0,0,0,2022-01-05
평창힐링청소년수련원,유료,외국인,2014,0,0,0,0,0,0,0,0,0,0,0,0,2022-01-05
한국전통음식문화체험관,유료,외국인,2014,113,124,233,354,481,"1,227",504,300,272,250,367,630,2022-01-05
한화리조트(컨벤션홀),유료,외국인,2014,0,0,0,0,0,0,0,0,0,0,0,0,2022-01-05
허브나라,유료,외국인,2014,218,51,143,534,"1,002",357,115,98,155,189,230,432,2022-01-05
호렙오대산청소년수련원,유료,외국인,2014,0,0,0,0,0,0,0,0,0,0,0,0,2022-01-05
휘닉스파크(골프장),유료,외국인,2014,0,0,0,0,0,0,0,0,0,0,0,0,2022-01-05
휘닉스파크(스키장),유료,외국인,2014,0,0,0,0,0,0,0,0,0,0,0,0,2022-01-05
휘닉스파크(워터파크),유료,외국인,2014,0,0,0,0,0,0,0,0,0,0,0,0,2022-01-05
국립두타산자연휴양림,유료,내국인,2015,"4,164","1,956","1,398","1,733","3,891","3,736","5,783","6,435","4,052","4,979","1,983","2,795",2022-01-05
국립평창청소년수련원,유료,내국인,2015,"3,267","11,472","11,358","10,712","12,583","3,724","2,973","4,849","5,008","5,479","3,754","1,879",2022-01-05
대관령 양떼목장,유료,내국인,2015,"51,362","27,806","23,165","35,195","85,021","26,337","48,018","93,640","52,859","81,846","26,229","34,189",2022-01-05
무이예술관,유료,내국인,2015,288,0,227,412,"1,455",480,"1,527","3,892","2,275","1,412",714,380,2022-01-05
백룡동굴,유료,내국인,2015,439,413,300,"1,085","2,282",762,"2,440","4,991","1,625","2,403","1,145",394,2022-01-05
삼양대관령목장,유료,내국인,2015,"21,128","13,692","9,869","21,286","76,623","22,589","44,408","87,832","46,494","84,332","19,426","19,907",2022-01-05
알펜시아리조트(골프장),유료,내국인,2015,0,0,185,"6,459","11,217","10,408","11,965","15,256","7,946","11,934","3,924",0,2022-01-05
알펜시아리조트(스키장),유료,내국인,2015,"36,055","26,570","3,559",0,0,0,0,0,0,0,995,"29,232",2022-01-05
알펜시아리조트(오션700),유료,내국인,2015,"22,901","17,588","4,581","4,860","18,787","5,645","21,466","39,063","9,341","7,454","7,784","16,244",2022-01-05
오대산국립공원(월정사),유료,내국인,2015,"63,557","57,466","51,959","98,083","307,528","177,038","85,649","115,000","75,499","210,193","71,841","35,921",2022-01-05
용평리조트(골프장),유료,내국인,2015,0,0,"1,617","8,060","15,877","13,853","15,424","20,963","12,043","14,118","4,139",0,2022-01-05
용평리조트(발왕산전망대 곤돌라),유료,내국인,2015,"20,745","16,873","8,500","13,082","25,837","8,399","19,631","36,859","17,147","31,787","13,900","20,350",2022-01-05
용평리조트(스키장),유료,내국인,2015,"192,935","106,360","41,215",0,0,0,0,0,0,0,"4,719","99,471",2022-01-05
용평리조트(유스호스텔),유료,내국인,2015,"16,592","13,511","4,866",547,"2,195",540,"4,421","3,641",812,558,"3,091","15,196",2022-01-05
용평리조트(피크아일랜드),유료,내국인,2015,"18,997","12,451","2,943","5,904","18,520","5,567","24,585","39,453","9,461","11,112","2,615","13,535",2022-01-05
이효석문학관,유료,내국인,2015,"3,374","2,552","2,249","4,690","16,575","3,393","8,502","18,204","23,176","15,972","5,025","3,180",2022-01-05
켄싱턴플로라호텔(글램핑),유료,내국인,2015,87,0,0,0,0,0,"1,094","1,278",490,682,310,293,2022-01-05
켄싱턴플로라호텔(컨벤션홀),유료,내국인,2015,"2,140",951,"1,318","2,451","2,654",507,634,"1,210","2,131","2,919","5,773","2,156",2022-01-05
평창 동강민물고기생태관,유료,내국인,2015,175,235,237,659,"1,055",370,"1,052","2,094",405,904,296,190,2022-01-05
평창힐링청소년수련원,유료,내국인,2015,0,"2,358","2,626","6,503","4,692","1,734","3,450","3,553","5,241","4,487","1,255",60,2022-01-05
한국전통음식문화체험관,유료,내국인,2015,712,385,354,820,"1,258",638,"1,300","1,500",650,"1,750","1,250",985,2022-01-05
한화리조트(컨벤션홀),유료,내국인,2015,"2,580","5,690","3,015","14,680","16,510",575,"35,985","57,190","20,995","5,635","4,880","2,915",2022-01-05
허브나라,유료,내국인,2015,"5,738","3,212","4,788","13,479","44,283","13,273","24,091","47,457","27,100","35,893","13,561","11,059",2022-01-05
호렙오대산청소년수련원,유료,내국인,2015,40,480,566,0,0,0,0,0,0,0,0,0,2022-01-05
휘닉스파크(골프장),유료,내국인,2015,0,0,875,"5,294","9,815","9,986","10,137","11,222","7,358","8,408","3,341",0,2022-01-05
휘닉스파크(스키장),유료,내국인,2015,"198,177","105,765","11,659",0,0,0,0,0,0,0,"17,221","144,197",2022-01-05
휘닉스파크(워터파크),유료,내국인,2015,"37,004","19,067","6,875","10,758","28,103","10,791","38,374","57,262","13,349","11,975","9,146","24,903",2022-01-05
국립두타산자연휴양림,유료,외국인,2015,0,0,0,0,0,0,0,0,0,0,0,0,2022-01-05
국립평창청소년수련원,유료,외국인,2015,0,0,0,0,0,0,0,0,0,0,0,0,2022-01-05
대관령 양떼목장,유료,외국인,2015,"2,193","1,106",965,"1,466","3,542",814,979,"3,901","1,023",826,131,380,2022-01-05
무이예술관,유료,외국인,2015,0,0,0,0,0,0,0,0,11,0,0,0,2022-01-05
백룡동굴,유료,외국인,2015,0,0,0,0,0,0,0,0,0,0,0,0,2022-01-05
삼양대관령목장,유료,외국인,2015,69,0,12,331,218,134,0,0,0,7,43,105,2022-01-05
알펜시아리조트(골프장),유료,외국인,2015,0,0,0,0,0,0,0,0,0,0,0,0,2022-01-05
알펜시아리조트(스키장),유료,외국인,2015,0,0,0,0,0,0,0,0,0,0,0,0,2022-01-05
알펜시아리조트(오션700),유료,외국인,2015,788,"2,369",358,517,328,127,33,"1,076",659,319,476,"2,302",2022-01-05
오대산국립공원(월정사),유료,외국인,2015,0,0,0,0,0,0,0,0,0,0,0,0,2022-01-05
용평리조트(골프장),유료,외국인,2015,0,0,0,0,0,0,0,0,0,0,0,0,2022-01-05
용평리조트(발왕산전망대 곤돌라),유료,외국인,2015,0,0,0,0,0,0,0,0,0,0,0,0,2022-01-05
용평리조트(스키장),유료,외국인,2015,0,0,0,0,0,0,0,0,0,0,0,0,2022-01-05
용평리조트(유스호스텔),유료,외국인,2015,123,207,15,0,20,0,0,0,0,0,0,0,2022-01-05
용평리조트(피크아일랜드),유료,외국인,2015,0,0,0,0,0,0,0,0,0,0,0,0,2022-01-05
이효석문학관,유료,외국인,2015,0,0,0,0,0,0,0,0,0,0,0,0,2022-01-05
켄싱턴플로라호텔(글램핑),유료,외국인,2015,0,0,0,0,0,0,50,2,0,0,0,0,2022-01-05
켄싱턴플로라호텔(컨벤션홀),유료,외국인,2015,0,0,0,0,0,0,40,0,0,0,0,0,2022-01-05
평창 동강민물고기생태관,유료,외국인,2015,0,0,0,0,0,0,0,0,0,0,0,0,2022-01-05
평창힐링청소년수련원,유료,외국인,2015,0,0,0,0,0,0,0,0,0,0,0,0,2022-01-05
한국전통음식문화체험관,유료,외국인,2015,129,94,50,145,190,154,30,15,40,120,220,180,2022-01-05
한화리조트(컨벤션홀),유료,외국인,2015,0,0,0,89,126,33,4,84,46,0,0,0,2022-01-05
허브나라,유료,외국인,2015,12,18,460,649,551,147,70,218,306,203,308,412,2022-01-05
호렙오대산청소년수련원,유료,외국인,2015,0,0,0,0,0,0,0,0,0,0,0,0,2022-01-05
휘닉스파크(골프장),유료,외국인,2015,0,0,0,0,0,0,0,0,0,0,0,0,2022-01-05
휘닉스파크(스키장),유료,외국인,2015,"3,138","3,483",689,0,0,0,0,0,0,0,0,0,2022-01-05
휘닉스파크(워터파크),유료,외국인,2015,"1,094","2,042",464,0,0,0,0,0,0,0,0,0,2022-01-05
국립두타산자연휴양림,유료,내국인,2016,"4,759","3,015","1,480","2,426","4,309","3,972","5,729","7,100","4,157","5,103","2,482","2,727",2022-01-05
국립평창청소년수련원,유료,내국인,2016,"3,957","19,494","11,366","13,474","12,039","9,051","13,136","13,893","9,764","11,661","11,495","3,534",2022-01-05
대관령 양떼목장,유료,내국인,2016,"46,959","24,280","19,813","34,790","67,054","48,783","45,980","76,128","48,828","81,913","31,799","34,240",2022-01-05
무이예술관,유료,내국인,2016,287,0,119,319,976,796,"1,532","2,124","1,832",908,350,240,2022-01-05
백룡동굴,유료,내국인,2016,533,380,732,955,"1,859","1,651","2,622","4,179","1,430","1,833","1,064",340,2022-01-05
삼양대관령목장,유료,내국인,2016,"24,468","16,713","12,823","25,317","59,047","40,363","41,582","65,694","28,050","5,340","18,081","15,125",2022-01-05
알펜시아리조트(골프장),유료,내국인,2016,0,0,80,"1,389","3,517","9,288","13,571","12,275","8,302",0,0,0,2022-01-05
알펜시아리조트(스키장),유료,내국인,2016,"31,972","21,553","2,081",0,0,0,0,0,0,0,815,"26,975",2022-01-05
알펜시아리조트(오션700),유료,내국인,2016,"21,707","16,905","6,924","7,588","15,916","13,162","27,611","34,183","10,365","10,809","3,310","14,848",2022-01-05
오대산국립공원(월정사),유료,내국인,2016,"46,179","40,665","31,012","46,703","83,142","62,281","77,430","149,238","96,370","230,167","101,093","53,747",2022-01-05
용평리조트(골프장),유료,내국인,2016,0,0,"1,875","10,612","13,331","14,942","16,746","19,705","12,376","15,131","4,646",0,2022-01-05
용평리조트(발왕산전망대 곤돌라),유료,내국인,2016,"20,518","15,626","4,958","1,623","20,832","14,261","21,172","29,599","14,069","34,974","13,384","23,211",2022-01-05
용평리조트(스키장),유료,내국인,2016,"130,965","70,255","14,056",0,0,0,0,0,0,0,"10,036","91,452",2022-01-05
용평리조트(유스호스텔),유료,내국인,2016,4,222,107,"1,080","1,430",833,"8,001","7,163",179,0,0,0,2022-01-05
용평리조트(피크아일랜드),유료,내국인,2016,"19,710","12,086","1,251","5,609","13,577","12,396","23,769","33,233","6,422","7,786","2,625","14,092",2022-01-05
이효석문학관,유료,내국인,2016,"2,892","2,341","2,182","4,545","11,784","6,877","9,100","13,999","21,002","13,521","3,591","2,176",2022-01-05
켄싱턴플로라호텔(글램핑),유료,내국인,2016,205,"15,723",100,359,705,"1,208","1,626","1,398",420,287,177,318,2022-01-05
켄싱턴플로라호텔(컨벤션홀),유료,내국인,2016,"1,791","1,627","3,911","5,483","3,159","2,171","4,706","1,307","1,818","2,700","2,000","2,411",2022-01-05
평창 동강민물고기생태관,유료,내국인,2016,227,149,237,361,879,753,"1,002","1,463",454,676,241,265,2022-01-05
평창힐링청소년수련원,유료,내국인,2016,0,"2,132","2,289","3,118","5,954","2,694","4,854","3,696","4,198","2,094",160,0,2022-01-05
한국앵무새학교,유료,내국인,2016,400,450,300,401,452,352,"1,587","1,822",809,520,485,463,2022-01-05
한국전통음식문화체험관,유료,내국인,2016,950,400,350,"1,200","1,561","1,252","2,065","2,905",896,"2,360","1,302","1,689",2022-01-05
한화리조트(컨벤션홀),유료,내국인,2016,0,0,0,"5,566","4,204","6,793","36,230","45,195","15,205","3,763","2,487","3,295",2022-01-05
허브나라,유료,내국인,2016,"28,679","8,194","5,087","12,075","27,998","18,867","20,660","30,580","20,496","24,395","6,606","3,014",2022-01-05
호렙오대산청소년수련원,유료,내국인,2016,0,0,0,0,0,0,0,0,0,0,0,0,2022-01-05
휘닉스파크(골프장),유료,내국인,2016,0,0,872,"4,053","7,607","8,520","8,406","9,303","5,973","10,927","4,949",232,2022-01-05
휘닉스파크(스키장),유료,내국인,2016,"174,640","59,834","9,615","1,097",0,0,0,0,0,0,"21,901","130,123",2022-01-05
휘닉스파크(워터파크),유료,내국인,2016,"38,483","24,264","7,612","9,129","21,252","19,897","47,239","62,506","12,341","11,076","7,659","22,242",2022-01-05
국립두타산자연휴양림,유료,외국인,2016,0,0,0,0,0,0,0,0,0,0,0,0,2022-01-05
국립평창청소년수련원,유료,외국인,2016,0,0,0,0,0,0,0,0,0,0,0,0,2022-01-05
대관령 양떼목장,유료,외국인,2016,0,0,0,0,0,0,0,0,0,0,0,0,2022-01-05
무이예술관,유료,외국인,2016,0,0,0,0,0,0,0,0,0,0,0,0,2022-01-05
백룡동굴,유료,외국인,2016,0,0,0,0,0,0,0,0,0,0,0,0,2022-01-05
삼양대관령목장,유료,외국인,2016,52,84,90,260,137,124,0,0,0,0,0,0,2022-01-05
알펜시아리조트(골프장),유료,외국인,2016,0,0,0,0,0,0,0,0,0,0,0,0,2022-01-05
알펜시아리조트(스키장),유료,외국인,2016,528,0,0,0,0,0,0,0,0,0,0,"4,799",2022-01-05
알펜시아리조트(오션700),유료,외국인,2016,400,"1,505","1,161",664,235,253,"1,167","1,259",273,443,223,"2,047",2022-01-05
오대산국립공원(월정사),유료,외국인,2016,0,0,42,63,87,72,34,27,37,40,12,0,2022-01-05
용평리조트(골프장),유료,외국인,2016,0,0,0,0,0,0,0,0,0,0,0,0,2022-01-05
용평리조트(발왕산전망대 곤돌라),유료,외국인,2016,0,0,0,0,0,0,0,0,0,0,0,0,2022-01-05
용평리조트(스키장),유료,외국인,2016,0,0,0,0,0,0,0,0,0,0,0,0,2022-01-05
용평리조트(유스호스텔),유료,외국인,2016,0,0,0,0,0,0,0,0,0,0,0,0,2022-01-05
용평리조트(피크아일랜드),유료,외국인,2016,0,0,0,0,0,0,0,0,0,0,0,0,2022-01-05
이효석문학관,유료,외국인,2016,0,0,0,0,0,0,0,0,0,0,0,0,2022-01-05
켄싱턴플로라호텔(글램핑),유료,외국인,2016,0,0,0,0,0,5,34,26,9,0,6,0,2022-01-05
켄싱턴플로라호텔(컨벤션홀),유료,외국인,2016,0,0,0,0,0,0,0,0,1,0,0,0,2022-01-05
평창 동강민물고기생태관,유료,외국인,2016,0,0,0,0,0,0,0,0,0,0,0,0,2022-01-05
평창힐링청소년수련원,유료,외국인,2016,0,0,0,0,0,0,0,0,0,0,0,0,2022-01-05
한국앵무새학교,유료,외국인,2016,0,0,0,0,0,0,0,0,0,0,0,0,2022-01-05
한국전통음식문화체험관,유료,외국인,2016,100,250,150,90,128,302,463,2,48,0,0,0,2022-01-05
한화리조트(컨벤션홀),유료,외국인,2016,0,0,0,0,0,0,388,0,44,0,0,0,2022-01-05
허브나라,유료,외국인,2016,303,267,78,411,529,469,503,474,214,85,9,0,2022-01-05
호렙오대산청소년수련원,유료,외국인,2016,0,0,0,0,0,0,0,0,0,0,0,0,2022-01-05
휘닉스파크(골프장),유료,외국인,2016,0,0,0,0,0,0,0,0,0,0,0,0,2022-01-05
휘닉스파크(스키장),유료,외국인,2016,0,0,0,0,0,0,0,0,0,0,0,0,2022-01-05
휘닉스파크(워터파크),유료,외국인,2016,0,0,0,0,0,0,0,0,0,0,0,0,2022-01-05
국립두타산자연휴양림,유료,내국인,2017,"4,513","3,376","2,685","2,809","5,286","4,968","6,506","7,591","4,311","6,472",414,"3,843",2022-01-05
국립평창청소년수련원,유료,내국인,2017,"2,807","7,374","9,378","12,248","13,404","12,642","11,679","14,993","15,407","7,036","9,934","9,934",2022-01-05
대관령 양떼목장,유료,내국인,2017,"39,246","26,512","22,145","44,479","76,827","39,557","32,168","61,588","53,717","75,215","27,611","26,788",2022-01-05
무이예술관,유료,내국인,2017,0,0,0,0,0,0,"1,244","2,594","3,050","1,712",484,323,2022-01-05
백룡동굴,유료,내국인,2017,299,314,343,"1,117","2,036","1,546","2,145","4,024","1,899","3,218","1,310",350,2022-01-05
삼양대관령목장,유료,내국인,2017,"21,558","18,371","9,944","25,436","56,714","31,603","28,000","47,000","38,000","55,871","16,685","14,009",2022-01-05
알펜시아리조트(골프장),유료,내국인,2017,0,0,348,"3,478","10,199","11,969","12,986","14,065","10,666","9,141","2,349",0,2022-01-05
알펜시아리조트(스키장),유료,내국인,2017,"36,432","24,557","2,330",0,0,0,"6,013","6,356","5,237",0,0,"5,556",2022-01-05
알펜시아리조트(오션700),유료,내국인,2017,"21,768","17,832","8,305","11,933","26,231","21,846","28,500","34,660","10,099","11,438",0,0,2022-01-05
오대산국립공원(월정사),유료,내국인,2017,"81,611","79,650","59,989","86,204","123,504","94,916","85,530","133,996","92,865","331,702","112,939","52,929",2022-01-05
용평리조트(골프장),유료,내국인,2017,0,0,"2,005","10,204","14,951","14,836","17,361","18,212","12,780","15,318","5,784",0,2022-01-05
용평리조트(발왕산전망대 곤돌라),유료,내국인,2017,"27,497","20,149","10,025","17,869","21,393","16,088","21,495","29,239","13,450","35,146","16,091",0,2022-01-05
용평리조트(스키장),유료,내국인,2017,"137,525","80,143","42,561",0,0,0,0,0,0,0,"8,152","93,895",2022-01-05
용평리조트(유스호스텔),유료,내국인,2017,"19,717","16,711","9,379","3,708","2,642","1,600","2,248","1,716","1,032","1,612","1,250","3,598",2022-01-05
용평리조트(피크아일랜드),유료,내국인,2017,"19,539","10,206","1,635","5,839","14,266","9,959","22,450","28,852","4,930","8,845","2,335","13,859",2022-01-05
이효석문학관,유료,내국인,2017,"1,684","2,164","1,775","5,199","11,624","6,049","9,219","19,047","30,183","18,890","3,966","2,849",2022-01-05
켄싱턴플로라호텔(글램핑),유료,내국인,2017,187,85,76,"1,167",851,930,"5,135","7,277","2,959",0,0,0,2022-01-05
켄싱턴플로라호텔(컨벤션홀),유료,내국인,2017,251,"1,950","2,665","3,335","2,606","3,024",515,294,"3,769","2,839","4,926","2,959",2022-01-05
평창 동강민물고기생태관,유료,내국인,2017,143,165,217,278,643,527,845,"1,536",387,"1,299","1,333","1,427",2022-01-05
평창힐링청소년수련원,유료,내국인,2017,40,730,"1,150","2,816","5,024","3,490","4,226","5,856","2,240","1,400",0,0,2022-01-05
한국앵무새학교,유료,내국인,2017,0,0,0,0,0,0,0,0,0,0,0,0,2022-01-05
한국전통음식문화체험관,유료,내국인,2017,302,602,502,"1,099","2,062",489,967,"1,121","2,080","2,238","1,741",995,2022-01-05
한화리조트(컨벤션홀),유료,내국인,2017,"3,720","6,878","5,274","4,522","4,405","7,904","3,060","4,550","3,190","2,740","1,910","2,211",2022-01-05
허브나라,유료,내국인,2017,"2,350","2,529","3,180","12,855","31,529","14,369","1,681","2,680","19,438","26,736","5,455","1,931",2022-01-05
호렙오대산청소년수련원,유료,내국인,2017,0,0,0,0,0,0,0,0,0,0,0,0,2022-01-05
휘닉스파크(골프장),유료,내국인,2017,0,0,"1,568","8,130","12,528","12,608","9,127","9,933","10,303","8,462","3,699",0,2022-01-05
휘닉스파크(스키장),유료,내국인,2017,"168,608","105,882","11,564",0,0,0,0,0,0,0,"21,612","189,224",2022-01-05
휘닉스파크(워터파크),유료,내국인,2017,"35,107","20,936","7,996","2,495","22,512","34,613","56,750","73,641","16,646","20,525","11,589","28,607",2022-01-05
국립두타산자연휴양림,유료,외국인,2017,0,0,0,0,0,0,0,0,0,0,0,0,2022-01-05
국립평창청소년수련원,유료,외국인,2017,0,0,0,0,0,0,0,0,0,0,0,0,2022-01-05
대관령 양떼목장,유료,외국인,2017,0,0,0,0,0,0,0,0,0,0,0,0,2022-01-05
무이예술관,유료,외국인,2017,0,0,0,0,0,0,0,0,0,0,0,0,2022-01-05
백룡동굴,유료,외국인,2017,0,0,0,0,0,0,0,0,0,0,0,0,2022-01-05
삼양대관령목장,유료,외국인,2017,115,101,29,0,0,41,0,0,0,0,0,0,2022-01-05
알펜시아리조트(골프장),유료,외국인,2017,0,0,0,0,0,0,0,0,0,0,0,0,2022-01-05
알펜시아리조트(스키장),유료,외국인,2017,0,0,0,0,0,0,0,0,0,0,0,0,2022-01-05
알펜시아리조트(오션700),유료,외국인,2017,0,0,0,0,0,0,0,0,0,0,0,0,2022-01-05
오대산국립공원(월정사),유료,외국인,2017,7,45,68,0,0,0,0,0,0,0,0,0,2022-01-05
용평리조트(골프장),유료,외국인,2017,0,0,0,0,0,0,0,0,0,0,0,0,2022-01-05
용평리조트(발왕산전망대 곤돌라),유료,외국인,2017,0,0,0,0,0,0,0,0,0,0,0,0,2022-01-05
용평리조트(스키장),유료,외국인,2017,0,0,0,0,0,0,0,0,0,0,0,0,2022-01-05
용평리조트(유스호스텔),유료,외국인,2017,0,60,0,0,0,0,0,0,0,0,0,0,2022-01-05
용평리조트(피크아일랜드),유료,외국인,2017,0,0,0,0,0,0,0,0,0,0,0,0,2022-01-05
이효석문학관,유료,외국인,2017,0,0,0,0,0,0,0,0,0,0,0,0,2022-01-05
켄싱턴플로라호텔(글램핑),유료,외국인,2017,6,0,0,0,0,0,3,7,60,0,0,0,2022-01-05
켄싱턴플로라호텔(컨벤션홀),유료,외국인,2017,10,600,558,0,0,0,0,0,0,0,0,0,2022-01-05
평창 동강민물고기생태관,유료,외국인,2017,0,0,0,0,0,0,0,0,0,0,0,0,2022-01-05
평창힐링청소년수련원,유료,외국인,2017,0,0,0,0,0,0,0,0,0,0,0,0,2022-01-05
한국앵무새학교,유료,외국인,2017,0,0,0,0,0,0,0,0,0,0,0,0,2022-01-05
한국전통음식문화체험관,유료,외국인,2017,189,818,246,0,596,288,250,47,58,191,149,85,2022-01-05
한화리조트(컨벤션홀),유료,외국인,2017,0,304,0,0,0,0,0,0,0,0,0,0,2022-01-05
허브나라,유료,외국인,2017,0,0,0,68,48,152,0,0,0,0,0,0,2022-01-05
호렙오대산청소년수련원,유료,외국인,2017,0,0,0,0,0,0,0,0,0,0,0,0,2022-01-05
휘닉스파크(골프장),유료,외국인,2017,0,0,0,0,0,0,0,0,0,0,0,0,2022-01-05
휘닉스파크(스키장),유료,외국인,2017,0,0,0,0,0,0,0,0,0,0,0,0,2022-01-05
휘닉스파크(워터파크),유료,외국인,2017,0,0,0,0,0,0,0,0,0,0,0,0,2022-01-05
국립두타산자연휴양림,유료,내국인,2018,"4,056","6,332","2,459","3,071","4,491","4,420","8,018","8,751","4,330","2,348",516,"4,969",2022-01-05
국립평창청소년수련원,유료,내국인,2018,"10,678","17,424","5,955","9,945","11,680","10,240","9,945","11,680","10,240","11,566","7,815","1,605",2022-01-05
대관령 양떼목장,유료,내국인,2018,"26,997","17,125","26,512","33,953","62,761","41,239","37,630","64,090","52,182",-,-,-,2022-01-05
무이예술관,유료,내국인,2018,0,0,0,0,0,0,0,"1,636","1,314","1,015","1,257","1,549",2022-01-05
백룡동굴,유료,내국인,2018,411,333,564,826,"1,547","1,588","3,627","5,386","1,594","1,472",586,429,2022-01-05
삼양대관령목장,유료,내국인,2018,"16,503","8,754","12,492","20,421","37,710","24,902","25,020","48,674","44,637","77,968","17,052","14,295",2022-01-05
알펜시아리조트(골프장),유료,내국인,2018,0,0,0,"2,989","9,341","15,181","14,756","15,870","10,226","13,537","5,938",0,2022-01-05
알펜시아리조트(스키장),유료,내국인,2018,"4,984",0,0,0,0,0,"6,606","7,555",294,0,523,"37,882",2022-01-05
알펜시아리조트(오션700),유료,내국인,2018,0,0,0,"2,562","13,776","11,421","25,415","33,265","9,200","6,461","2,785","16,993",2022-01-05
오대산국립공원(월정사),유료,내국인,2018,"97,476","77,175","73,434","91,775","130,881","117,729","120,478","151,818","118,867","249,818","95,455","68,917",2022-01-05
용평리조트(골프장),유료,내국인,2018,0,0,236,"8,475","13,533","15,569","19,122","20,367","16,081","16,675","4,338",115,2022-01-05
용평리조트(발왕산전망대 곤돌라),유료,내국인,2018,0,100,"7,187","16,417","24,332","15,847","24,612","43,201","22,171","40,899","17,804","27,355",2022-01-05
용평리조트(스키장),유료,내국인,2018,"92,029","22,605","19,808",0,0,0,0,0,0,0,"6,115","90,038",2022-01-05
용평리조트(유스호스텔),유료,내국인,2018,"1,528","1,247",612,459,"2,613","1,610","1,685","7,758","1,584","1,345",529,"4,347",2022-01-05
용평리조트(피크아일랜드),유료,내국인,2018,"12,873","2,508","1,073","6,682","15,972","8,948","24,595","32,184","6,946","6,050","1,310","17,784",2022-01-05
이효석문학관,유료,내국인,2018,"2,489","2,913","3,741","5,056","9,527","6,129","7,111","14,315","28,092","12,824","5,072","2,382",2022-01-05
켄싱턴플로라호텔(글램핑),유료,내국인,2018,22,0,62,"1,000",750,480,813,853,226,132,130,77,2022-01-05
켄싱턴플로라호텔(컨벤션홀),유료,내국인,2018,730,505,"1,838","2,000","1,606","1,072","1,683","12,759","3,572","3,654","5,783","1,314",2022-01-05
평창 동강민물고기생태관,유료,내국인,2018,133,148,185,452,543,411,845,"1,165",311,396,241,73,2022-01-05
평창힐링청소년수련원,유료,내국인,2018,"2,500","12,000","4,480","4,296","6,326","2,895","6,356","5,214","2,234","2,370",23,0,2022-01-05
한국앵무새학교,유료,내국인,2018,0,0,-,-,-,-,-,-,-,-,-,-,2022-01-05
한국전통음식문화체험관,유료,내국인,2018,769,"2,895",674,805,"1,085",861,678,926,826,648,475,366,2022-01-05
한화리조트(컨벤션홀),유료,내국인,2018,"2,850","3,870","2,601","3,843","6,399","5,017","3,050","2,220","1,600","4,125","4,608","4,714",2022-01-05
허브나라,유료,내국인,2018,0,0,"3,446","10,570","20,315","12,026","11,325","18,434","15,003","14,329","4,864","1,860",2022-01-05
호렙오대산청소년수련원,유료,내국인,2018,0,0,0,0,0,0,0,0,0,0,0,0,2022-01-05
휘닉스파크(골프장),유료,내국인,2018,0,0,"1,779","5,980","9,077","9,938","9,895","9,824","7,884","8,808","4,162",16,2022-01-05
휘닉스파크(스키장),유료,내국인,2018,"241,909",259,0,0,0,0,0,0,0,0,"25,497","148,383",2022-01-05
휘닉스파크(워터파크),유료,내국인,2018,"6,184","2,173","3,090","24,357","41,184","45,497","59,212","74,273","21,544","15,429","17,100","48,625",2022-01-05
국립두타산자연휴양림,유료,외국인,2018,0,0,0,0,0,0,0,0,0,0,0,0,2022-01-05
국립평창청소년수련원,유료,외국인,2018,0,0,0,0,0,0,0,0,0,0,0,0,2022-01-05
대관령 양떼목장,유료,외국인,2018,0,0,0,0,0,0,0,0,0,-,-,-,2022-01-05
무이예술관,유료,외국인,2018,0,0,0,0,0,0,0,0,0,0,0,0,2022-01-05
백룡동굴,유료,외국인,2018,0,0,0,0,0,0,0,0,0,0,0,0,2022-01-05
삼양대관령목장,유료,외국인,2018,0,0,0,0,0,0,13,7,11,0,0,0,2022-01-05
알펜시아리조트(골프장),유료,외국인,2018,0,0,0,0,0,0,0,0,0,0,0,0,2022-01-05
알펜시아리조트(스키장),유료,외국인,2018,0,0,0,0,0,0,0,0,0,0,0,0,2022-01-05
알펜시아리조트(오션700),유료,외국인,2018,0,0,0,0,0,0,0,0,0,0,0,0,2022-01-05
오대산국립공원(월정사),유료,외국인,2018,0,0,0,0,0,0,0,0,0,0,0,0,2022-01-05
용평리조트(골프장),유료,외국인,2018,0,0,0,0,0,0,0,0,0,0,0,0,2022-01-05
용평리조트(발왕산전망대 곤돌라),유료,외국인,2018,0,0,0,0,0,0,0,0,0,0,0,0,2022-01-05
용평리조트(스키장),유료,외국인,2018,0,0,0,0,0,0,0,0,0,0,0,0,2022-01-05
용평리조트(유스호스텔),유료,외국인,2018,327,"2,060",189,0,0,0,0,22,0,0,56,379,2022-01-05
용평리조트(피크아일랜드),유료,외국인,2018,0,0,0,0,0,0,0,0,0,0,0,0,2022-01-05
이효석문학관,유료,외국인,2018,0,0,0,0,0,0,0,0,0,0,0,0,2022-01-05
켄싱턴플로라호텔(글램핑),유료,외국인,2018,36,0,0,0,0,0,0,0,0,0,0,0,2022-01-05
켄싱턴플로라호텔(컨벤션홀),유료,외국인,2018,0,408,241,0,0,0,0,0,0,0,0,42,2022-01-05
평창 동강민물고기생태관,유료,외국인,2018,0,0,0,0,0,0,0,0,0,0,0,0,2022-01-05
평창힐링청소년수련원,유료,외국인,2018,0,0,0,0,0,0,0,0,0,0,0,0,2022-01-05
한국앵무새학교,유료,외국인,2018,0,0,-,-,-,-,-,-,-,-,-,-,2022-01-05
한국전통음식문화체험관,유료,외국인,2018,0,0,0,0,0,0,217,242,220,269,569,"1,193",2022-01-05
한화리조트(컨벤션홀),유료,외국인,2018,0,0,0,0,0,0,330,0,0,0,0,0,2022-01-05
허브나라,유료,외국인,2018,0,0,67,0,0,0,0,0,0,0,0,0,2022-01-05
호렙오대산청소년수련원,유료,외국인,2018,0,0,0,0,0,0,0,0,0,0,0,0,2022-01-05
휘닉스파크(골프장),유료,외국인,2018,0,0,0,0,0,0,0,0,0,0,0,0,2022-01-05
휘닉스파크(스키장),유료,외국인,2018,0,0,0,0,0,0,0,0,0,0,0,0,2022-01-05
휘닉스파크(워터파크),유료,외국인,2018,0,0,0,0,0,0,0,0,0,0,0,0,2022-01-05
국립두타산자연휴양림,유료,내국인,2019,"3,860","3,190","2,251","2,200","1,106","4,500","7,599","10,828","4,147","2,384","1,541","1,198",2022-01-05
국립평창청소년수련원,유료,내국인,2019,"4,600","6,343","12,042","10,846","12,931","6,660","12,333","11,936","8,990","10,565","8,622","4,409",2022-01-05
무이예술관,유료,내국인,2019,"1,315","1,368","1,271","1,811","1,936","2,536","3,888","5,691","3,070","2,699","1,477","1,366",2022-01-05
백룡동굴,유료,내국인,2019,310,312,523,705,"1,637","1,323","2,709","4,591","1,336","1,564",828,547,2022-01-05
삼양대관령목장,유료,내국인,2019,"11,769","10,053","10,334","8,332","32,595","29,904","24,877","51,801","29,136","96,349","13,801","22,172",2022-01-05
알펜시아리조트(골프장),유료,내국인,2019,0,0,520,"7,889","14,730","17,088","16,479","19,126","13,056","18,027","8,372",0,2022-01-05
알펜시아리조트(스키장),유료,내국인,2019,"47,115","35,240","3,980",0,0,0,0,0,0,"1,967","1,903","27,674",2022-01-05
알펜시아리조트(오션700),유료,내국인,2019,"18,079","18,228","5,972","5,711","12,367","14,695","26,990","40,971","10,983","14,201","19,182","21,570",2022-01-05
오대산국립공원(월정사),유료,내국인,2019,"93,630","87,748","69,994","65,353","100,404","96,519","96,924","134,140","84,332","204,810","107,088","66,204",2022-01-05
용평리조트(골프장),유료,내국인,2019,0,0,"1,170","9,403","17,492","16,498","19,959","24,062","15,616","18,520","5,665",50,2022-01-05
용평리조트(발왕산전망대 곤돌라),유료,내국인,2019,"26,142","17,804","14,450","14,640","30,721","52,810","70,063","84,623","58,031","117,462","26,166","44,411",2022-01-05
용평리조트(스키장),유료,내국인,2019,"99,354","59,033","15,178",0,0,0,0,0,0,0,"7,957","83,850",2022-01-05
용평리조트(유스호스텔),유료,내국인,2019,"4,986","6,861","1,387",88,649,"6,027","7,559","12,768","7,619","13,754","2,593","9,550",2022-01-05
용평리조트(피크아일랜드),유료,내국인,2019,"21,036","16,757","3,718","3,883","14,935","39,693","57,634","60,606","25,940","27,953","6,323","32,174",2022-01-05
이효석문학관,유료,내국인,2019,"2,164","2,163","2,890","4,833","9,713","9,225","10,946","19,484","21,209","15,844","5,894","3,074",2022-01-05
켄싱턴플로라호텔(글램핑),유료,내국인,2019,48,70,66,156,437,444,"1,056","1,526",428,501,382,122,2022-01-05
켄싱턴플로라호텔(컨벤션홀),유료,내국인,2019,"4,192","3,579","7,919","1,104","1,747","2,299","1,981","10,514","1,140","3,113",471,"1,350",2022-01-05
평창 동강민물고기생태관,유료,내국인,2019,0,0,0,0,0,0,0,0,0,0,0,0,2022-01-05
평창힐링청소년수련원,유료,내국인,2019,"1,420","2,014","3,988","3,758","5,491","3,320","4,133","3,984","2,097","3,074",250,0,2022-01-05
한국전통음식문화체험관,유료,내국인,2019,377,324,233,557,"1,117",643,448,880,336,"1,563",455,384,2022-01-05
한화리조트(컨벤션홀),유료,내국인,2019,0,0,0,"2,581","3,845","7,668","9,427","7,082","2,535","2,810","2,477","1,386",2022-01-05
허브나라,유료,내국인,2019,"1,713","1,199","2,783","5,900","13,952","11,022","10,867","17,180","9,303",0,0,0,2022-01-05
호렙오대산청소년수련원,유료,내국인,2019,0,0,0,0,0,0,0,0,0,0,0,0,2022-01-05
휘닉스파크(골프장),유료,내국인,2019,0,0,"2,038","5,418","7,774","8,217","6,657","13,479","8,976","10,194","4,774",198,2022-01-05
휘닉스파크(스키장),유료,내국인,2019,"215,584","128,952","18,912",0,0,0,0,0,0,"17,514","10,251","36,576",2022-01-05
휘닉스파크(워터파크),유료,내국인,2019,"82,876","45,708","23,414","44,381","76,816","86,674","159,139","249,346","43,333","36,140","24,155","42,477",2022-01-05
국립두타산자연휴양림,유료,외국인,2019,0,0,0,0,0,0,0,0,0,0,0,0,2022-01-05
국립평창청소년수련원,유료,외국인,2019,0,0,0,0,0,40,0,0,0,0,75,0,2022-01-05
무이예술관,유료,외국인,2019,0,0,0,0,0,0,0,0,0,0,0,0,2022-01-05
백룡동굴,유료,외국인,2019,6,4,3,0,0,0,0,0,0,0,0,0,2022-01-05
삼양대관령목장,유료,외국인,2019,17,44,14,20,0,0,21,0,2,0,3,13,2022-01-05
알펜시아리조트(골프장),유료,외국인,2019,0,0,0,0,0,0,0,0,0,0,0,0,2022-01-05
알펜시아리조트(스키장),유료,외국인,2019,0,0,0,0,0,0,0,0,0,0,0,0,2022-01-05
알펜시아리조트(오션700),유료,외국인,2019,0,0,0,0,0,0,0,0,0,0,0,0,2022-01-05
오대산국립공원(월정사),유료,외국인,2019,0,0,0,0,0,0,0,0,0,0,0,0,2022-01-05
용평리조트(골프장),유료,외국인,2019,0,0,0,0,0,0,0,0,0,0,0,0,2022-01-05
용평리조트(발왕산전망대 곤돌라),유료,외국인,2019,0,0,0,0,0,0,0,0,0,0,0,0,2022-01-05
용평리조트(스키장),유료,외국인,2019,0,0,0,0,0,0,0,0,0,0,0,0,2022-01-05
용평리조트(유스호스텔),유료,외국인,2019,184,808,8,0,0,0,0,0,0,0,0,0,2022-01-05
용평리조트(피크아일랜드),유료,외국인,2019,0,0,0,0,0,0,0,0,0,0,0,0,2022-01-05
이효석문학관,유료,외국인,2019,0,0,0,10,40,0,0,0,0,0,0,0,2022-01-05
켄싱턴플로라호텔(글램핑),유료,외국인,2019,0,0,0,0,0,0,5,0,0,0,0,0,2022-01-05
켄싱턴플로라호텔(컨벤션홀),유료,외국인,2019,0,0,0,0,0,0,0,0,0,0,0,0,2022-01-05
평창 동강민물고기생태관,유료,외국인,2019,0,0,0,0,0,0,0,0,0,0,0,0,2022-01-05
평창힐링청소년수련원,유료,외국인,2019,0,0,0,0,0,0,0,0,0,0,0,0,2022-01-05
한국전통음식문화체험관,유료,외국인,2019,184,398,146,175,161,210,123,95,120,393,442,"1,851",2022-01-05
한화리조트(컨벤션홀),유료,외국인,2019,0,0,0,0,0,26,0,0,0,0,0,0,2022-01-05
허브나라,유료,외국인,2019,0,0,0,0,0,0,17,31,18,0,0,0,2022-01-05
호렙오대산청소년수련원,유료,외국인,2019,0,0,0,0,0,0,0,0,0,0,0,0,2022-01-05
휘닉스파크(골프장),유료,외국인,2019,0,0,0,0,0,0,0,0,0,0,0,0,2022-01-05
휘닉스파크(스키장),유료,외국인,2019,0,0,0,0,0,0,0,0,0,0,0,0,2022-01-05
휘닉스파크(워터파크),유료,외국인,2019,0,0,0,0,0,0,0,0,0,0,0,0,2022-01-05
국립두타산자연휴양림,유료,내국인,2020,"1,437","1,368",311,146,"1,090","1,737","3,823","3,590",18,0,0,0,2022-01-05
국립평창청소년수련원,유료,내국인,2020,"5,007",60,0,-,-,527,650,"1,792",0,"2,137","2,424",699,2022-01-05
무이예술관,유료,내국인,2020,"1,520","1,098",125,-,"1,582","1,428",446,"2,730",297,"2,367","1,624",881,2022-01-05
백룡동굴,유료,내국인,2020,529,219,0,-,356,782,"1,045",898,0,0,0,0,2022-01-05
비엔나인형박물관,유료,내국인,2020,"1,591","1,145",853,751,"1,504","1,440","2,314","4,369","1,151","1,966","2,343",417,2022-01-05
삼양대관령목장,유료,내국인,2020,"28,303","39,461","30,583","5,712","28,142","24,646","24,859","40,630","21,843","52,012","22,681","14,522",2022-01-05
알펜시아리조트(골프장),유료,내국인,2020,-,-,"3,055","3,055","17,711","20,602","18,827","19,506","17,162","20,868","10,833","1,223",2022-01-05
알펜시아리조트(스키장),유료,내국인,2020,"56,648","26,804","1,214",665,"5,574","11,475","9,249","10,388","8,427","7,536",0,"6,242",2022-01-05
알펜시아리조트(오션700),유료,내국인,2020,"20,329","9,928",290,"3,778","8,627","14,422","15,887","20,156","7,868","8,751","8,008","2,341",2022-01-05
오대산국립공원(월정사),유료,내국인,2020,"75,106","62,604","50,812","17,680","37,140","40,804","45,419","68,337","29,160","110,594","50,246","19,044",2022-01-05
용평리조트(골프장),유료,내국인,2020,0,0,"3,042","4,702","20,180","22,307","21,109","22,433","18,592","22,141","10,088",526,2022-01-05
용평리조트(발왕산전망대 곤돌라),유료,내국인,2020,"37,812","29,704","9,465","5,101","19,545","31,811","50,872","73,953","40,479","78,445","37,659","12,791",2022-01-05
용평리조트(스키장),유료,내국인,2020,"120,349","71,629","23,779",-,-,-,0,0,0,0,"4,271","10,038",2022-01-05
용평리조트(유스호스텔),유료,내국인,2020,"14,144","5,907",0,729,-,"1,046","5,364","12,825",68,834,0,141,2022-01-05
용평리조트(피크아일랜드),유료,내국인,2020,"37,321","16,079",257,"4,477","2,627","9,977","22,543","24,377","7,573","5,469",60,0,2022-01-05
이효석문학관,유료,내국인,2020,"3,130","1,719",0,-,"1,831","3,050","5,378","9,301","1,637","8,896","3,451",214,2022-01-05
켄싱턴플로라호텔(글램핑),유료,내국인,2020,72,87,64,59,575,0,"6,683",709,510,557,421,196,2022-01-05
켄싱턴플로라호텔(컨벤션홀),유료,내국인,2020,403,620,500,600,"2,150","1,300",307,114,650,579,"1,336",606,2022-01-05
평창 동강민물고기생태관,유료,내국인,2020,0,0,0,-,-,-,-,-,-,-,-,-,2022-01-05
평창힐링청소년수련원,유료,내국인,2020,0,0,0,-,-,-,-,-,-,-,-,-,2022-01-05
한국전통음식문화체험관,유료,내국인,2020,142,114,4,-,36,149,0,0,29,130,62,72,2022-01-05
한화리조트(컨벤션홀),유료,내국인,2020,"3,248",852,0,600,"2,150","1,300",0,0,0,"10,084","6,806","4,781",2022-01-05
허브나라,유료,내국인,2020,0,0,0,"2,154","7,116","5,671","7,577","9,491","4,277","7,342","2,654",720,2022-01-05
호렙오대산청소년수련원,유료,내국인,2020,0,0,0,-,-,-,-,-,-,-,-,-,2022-01-05
휘닉스파크(골프장),유료,내국인,2020,0,0,"2,562","7,524","11,604","12,177","12,963","11,568","10,981","9,400","9,332","1,359",2022-01-05
휘닉스파크(스키장),유료,내국인,2020,"69,901","36,742","6,409","9,104","13,336","11,792","17,644","23,275","9,539","19,860","3,536","8,795",2022-01-05
휘닉스파크(워터파크),유료,내국인,2020,"37,920","15,507","2,742","7,777","10,774","12,448","18,472","23,203",0,54,"8,073","4,558",2022-01-05
국립두타산자연휴양림,유료,외국인,2020,0,0,0,0,0,0,0,0,0,0,0,0,2022-01-05
국립평창청소년수련원,유료,외국인,2020,0,0,0,-,-,1,0,0,0,0,0,0,2022-01-05
무이예술관,유료,외국인,2020,0,0,0,-,0,0,0,0,0,0,0,0,2022-01-05
백룡동굴,유료,외국인,2020,0,0,0,-,0,0,0,0,0,0,0,0,2022-01-05
비엔나인형박물관,유료,외국인,2020,2,3,0,0,2,0,1,0,0,0,0,0,2022-01-05
삼양대관령목장,유료,외국인,2020,0,0,0,306,0,0,0,0,0,0,0,0,2022-01-05
알펜시아리조트(스키장),유료,외국인,2020,0,0,0,0,0,0,0,0,0,0,0,0,2022-01-05
알펜시아리조트(오션700),유료,외국인,2020,0,0,0,0,0,0,0,0,0,0,0,0,2022-01-05
오대산국립공원(월정사),유료,외국인,2020,0,0,0,0,0,0,0,0,0,0,0,0,2022-01-05
용평리조트(골프장),유료,외국인,2020,0,0,0,0,0,0,0,0,0,0,0,0,2022-01-05
용평리조트(발왕산전망대 곤돌라),유료,외국인,2020,0,0,0,0,0,0,0,0,0,0,0,0,2022-01-05
용평리조트(스키장),유료,외국인,2020,0,0,0,-,-,-,0,0,0,0,0,0,2022-01-05
용평리조트(유스호스텔),유료,외국인,2020,156,36,0,0,-,0,0,0,0,0,0,0,2022-01-05
용평리조트(피크아일랜드),유료,외국인,2020,0,0,0,0,0,0,0,0,0,0,0,0,2022-01-05
이효석문학관,유료,외국인,2020,0,0,0,-,0,0,0,0,0,0,0,0,2022-01-05
켄싱턴플로라호텔(글램핑),유료,외국인,2020,0,0,0,0,0,711,0,0,0,0,0,0,2022-01-05
켄싱턴플로라호텔(컨벤션홀),유료,외국인,2020,0,0,0,0,0,0,0,0,0,0,0,0,2022-01-05
평창 동강민물고기생태관,유료,외국인,2020,0,0,0,-,-,-,-,-,-,-,-,-,2022-01-05
평창힐링청소년수련원,유료,외국인,2020,0,0,0,-,-,-,-,-,-,-,-,-,2022-01-05
한국전통음식문화체험관,유료,외국인,2020,0,0,0,-,0,0,0,0,0,0,0,0,2022-01-05
한화리조트(컨벤션홀),유료,외국인,2020,201,112,0,0,0,0,0,0,0,0,0,0,2022-01-05
허브나라,유료,외국인,2020,0,0,0,0,0,0,0,0,0,24,12,7,2022-01-05
호렙오대산청소년수련원,유료,외국인,2020,0,0,0,-,-,-,-,-,-,-,-,-,2022-01-05
휘닉스파크(골프장),유료,외국인,2020,0,0,0,0,0,0,0,0,0,0,0,0,2022-01-05
휘닉스파크(스키장),유료,외국인,2020,0,0,0,0,0,0,0,0,0,0,0,0,2022-01-05
휘닉스파크(워터파크),유료,외국인,2020,0,0,0,0,0,0,0,0,0,0,0,0,2022-01-05
국립두타산자연휴양림,유료,내국인,2021,133,0,0,0,0,25,"8,363","9,768","6,036",-,-,-,2022-01-05
국립평창청소년수련원,유료,내국인,2021,514,273,60,341,"5,002","1,146","2,884","3,855","1,355",-,-,-,2022-01-05
무이예술관,유료,내국인,2021,975,"1,143",876,"1,214","2,168","1,786","2,778","4,051","2,145",-,-,-,2022-01-05
백룡동굴,유료,내국인,2021,0,87,192,362,907,"1,038","1,957","2,702",573,-,-,-,2022-01-05
비엔나인형박물관,유료,내국인,2021,497,"1,423",820,"1,379","2,401","1,422","2,286","3,638","1,877",-,-,-,2022-01-05
삼양대관령목장,유료,내국인,2021,"16,729","18,643","8,937","13,583","24,872","24,656","26,952","35,286","34,353",-,-,-,2022-01-05
알펜시아리조트(골프장),유료,내국인,2021,0,"1,038","6,984","17,653","19,424","22,539","23,426","22,803","20,505",-,-,-,2022-01-05
알펜시아리조트(스키장),유료,내국인,2021,"8,570","13,586",64,"3,809","7,222","7,284","11,495","10,188","8,201",-,-,-,2022-01-05
알펜시아리조트(오션700),유료,내국인,2021,109,0,0,"4,303","9,296","11,148","13,952","13,520","8,899",-,-,-,2022-01-05
오대산국립공원(월정사),유료,내국인,2021,"20,501","27,572","16,128","25,057","39,607","37,010","48,152","63,007","36,920",-,-,-,2022-01-05
용평리조트(골프장),유료,내국인,2021,0,133,"6,374","19,858","22,806","24,846","25,143","23,361","21,259",-,-,-,2022-01-05
용평리조트(발왕산전망대 곤돌라),유료,내국인,2021,"15,728","23,201","13,996","19,563","47,043","47,328","75,739","75,178","55,040",-,-,-,2022-01-05
용평리조트(스키장),유료,내국인,2021,"23,534","35,901","14,937",0,0,0,0,0,0,-,-,-,2022-01-05
용평리조트(유스호스텔),유료,내국인,2021,124,"1,544",56,0,28,120,"3,086","2,239",120,-,-,-,2022-01-05
용평리조트(피크아일랜드),유료,내국인,2021,0,0,0,0,0,0,"16,450","15,992","7,846",-,-,-,2022-01-05
이효석문학관,유료,내국인,2021,370,"1,486","1,125","2,096","4,402","2,521","6,077","9,600","11,619",-,-,-,2022-01-05
켄싱턴플로라호텔(글램핑),유료,내국인,2021,32,0,465,404,706,588,741,730,446,-,-,-,2022-01-05
켄싱턴플로라호텔(컨벤션홀),유료,내국인,2021,300,220,900,"1,388",890,530,540,440,439,-,-,-,2022-01-05
한국전통음식문화체험관,유료,내국인,2021,0,0,0,0,0,90,0,0,126,-,-,-,2022-01-05
한화리조트(컨벤션홀),유료,내국인,2021,"19,772","11,964","7,828","12,344","8,724","12,476","31,656","24,956","11,308",-,-,-,2022-01-05
허브나라,유료,내국인,2021,927,"1,222","1,130","2,999","6,719","5,811","5,679","8,633","5,154",-,-,-,2022-01-05
휘닉스파크(골프장),유료,내국인,2021,0,0,0,"16,280","21,932","25,291","8,840","8,507","7,350",-,-,-,2022-01-05
휘닉스파크(스키장),유료,내국인,2021,"25,450","34,539",414,"24,890","43,435","36,424","22,941","22,977","17,307",-,-,-,2022-01-05
휘닉스파크(워터파크),유료,내국인,2021,40,16,0,"15,503","24,374","23,112","28,877","30,472","17,221",-,-,-,2022-01-05
국립두타산자연휴양림,유료,외국인,2021,0,0,0,0,0,0,0,0,0,-,-,-,2022-01-05
국립평창청소년수련원,유료,외국인,2021,0,9,0,0,0,0,0,0,0,-,-,-,2022-01-05
무이예술관,유료,외국인,2021,0,0,0,0,0,0,0,0,0,-,-,-,2022-01-05
백룡동굴,유료,외국인,2021,0,0,0,0,0,0,0,0,0,-,-,-,2022-01-05
비엔나인형박물관,유료,외국인,2021,0,3,0,2,1,0,4,3,0,-,-,-,2022-01-05
삼양대관령목장,유료,외국인,2021,0,0,0,0,0,0,0,0,0,-,-,-,2022-01-05
알펜시아리조트(골프장),유료,외국인,2021,0,0,0,0,0,0,0,0,0,-,-,-,2022-01-05
알펜시아리조트(스키장),유료,외국인,2021,0,0,0,0,0,0,0,0,0,-,-,-,2022-01-05
알펜시아리조트(오션700),유료,외국인,2021,0,0,0,0,0,0,0,0,0,-,-,-,2022-01-05
오대산국립공원(월정사),유료,외국인,2021,0,0,0,0,0,0,0,0,0,-,-,-,2022-01-05
용평리조트(골프장),유료,외국인,2021,0,0,0,0,0,0,0,0,0,-,-,-,2022-01-05
용평리조트(발왕산전망대 곤돌라),유료,외국인,2021,0,0,0,0,0,0,0,0,0,-,-,-,2022-01-05
용평리조트(스키장),유료,외국인,2021,0,0,0,0,0,0,0,0,0,-,-,-,2022-01-05
용평리조트(유스호스텔),유료,외국인,2021,0,0,0,0,0,0,0,0,0,-,-,-,2022-01-05
용평리조트(피크아일랜드),유료,외국인,2021,0,0,0,0,0,0,0,0,0,-,-,-,2022-01-05
이효석문학관,유료,외국인,2021,0,0,0,0,0,0,0,0,0,-,-,-,2022-01-05
켄싱턴플로라호텔(글램핑),유료,외국인,2021,0,0,0,0,0,0,0,0,0,-,-,-,2022-01-05
켄싱턴플로라호텔(컨벤션홀),유료,외국인,2021,0,0,0,0,0,0,0,0,0,-,-,-,2022-01-05
한국전통음식문화체험관,유료,외국인,2021,0,0,0,0,0,0,0,0,0,-,-,-,2022-01-05
한화리조트(컨벤션홀),유료,외국인,2021,0,0,0,0,0,0,0,0,0,-,-,-,2022-01-05
허브나라,유료,외국인,2021,12,20,25,14,15,13,0,0,0,-,-,-,2022-01-05
휘닉스파크(골프장),유료,외국인,2021,0,0,0,0,0,0,0,0,0,-,-,-,2022-01-05
휘닉스파크(스키장),유료,외국인,2021,0,0,0,0,0,0,0,0,0,-,-,-,2022-01-05
휘닉스파크(워터파크),유료,외국인,2021,0,0,0,0,0,0,0,0,0,-,-,-,2022-01-05